{
  "providers": [
    {"type":"bitmap","file":"minecraft:font/groups/default.png","ascent":7,"height":8,"chars":["\uE000"]},
    {"type":"bitmap","file":"minecraft:font/groups/aristocrat.png","ascent":7,"height":8,"chars":["\uE001"]},
    {"type":"bitmap","file":"minecraft:font/groups/youtuber.png","ascent":7,"height":8,"chars":["\uE002"]},
    {"type":"bitmap","file":"minecraft:font/groups/helper.png","ascent":7,"height":8,"chars":["\uE003"]},
    {"type":"bitmap","file":"minecraft:font/groups/shelper.png","ascent":7,"height":8,"chars":["\uE004"]},
    {"type":"bitmap","file":"minecraft:font/groups/moder.png","ascent":7,"height":8,"chars":["\uE005"]},
    {"type":"bitmap","file":"minecraft:font/groups/smoder.png","ascent":7,"height":8,"chars":["\uE006"]},
    {"type":"bitmap","file":"minecraft:font/groups/admin.png","ascent":7,"height":8,"chars":["\uE007"]},

    {"type":"bitmap","file":"minecraft:font/aresmine/line_1.png","ascent":7,"height":9,"chars":["\uE008"]},
    {"type":"bitmap","file":"minecraft:font/aresmine/line_2.png","ascent":9,"height":9,"chars":["\uE009"]},
    {"type":"bitmap","file":"minecraft:font/logo_letters/aresmine_a.png","ascent":8,"height":10,"chars":["\uE00A"]},
    {"type":"bitmap","file":"minecraft:font/logo_letters/aresmine_r.png","ascent":8,"height":10,"chars":["\uE00B"]},
    {"type":"bitmap","file":"minecraft:font/logo_letters/aresmine_e.png","ascent":8,"height":10,"chars":["\uE00C"]},
    {"type":"bitmap","file":"minecraft:font/logo_letters/aresmine_s.png","ascent":8,"height":10,"chars":["\uE00D"]},
    {"type":"bitmap","file":"minecraft:font/logo_letters/aresmine_m.png","ascent":8,"height":10,"chars":["\uE00E"]},
    {"type":"bitmap","file":"minecraft:font/logo_letters/aresmine_i.png","ascent":8,"height":10,"chars":["\uE00F"]},
    {"type":"bitmap","file":"minecraft:font/logo_letters/aresmine_n.png","ascent":8,"height":10,"chars":["\uE010"]},
    {"type":"bitmap","file":"minecraft:font/logo_letters/aresmine_e2.png","ascent":8,"height":10,"chars":["\uE011"]},

    {"type":"bitmap","file":"minecraft:font/excl/excl_green.png","ascent":7,"height":8,"chars":["\uE012"]},
    {"type":"bitmap","file":"minecraft:font/excl/excl_red.png","ascent":7,"height":8,"chars":["\uE013"]},
    {"type":"bitmap","file":"minecraft:font/excl/excl_yellow.png","ascent":7,"height":8,"chars":["\uE014"]},

    {"type":"bitmap","file":"minecraft:font/aresmine/logo.png","ascent":50,"height":120,"chars":["\uE015"]},
    {"type":"bitmap","file":"minecraft:font/chat/global_chat.png","ascent":7,"height":8,"chars":["\uE016"]},
    {"type":"bitmap","file":"minecraft:font/chat/local_chat.png","ascent":7,"height":8,"chars":["\uE017"]},
    {"type":"bitmap","file":"minecraft:font/chat/arrow_right.png","ascent":7,"height":8,"chars":["\uE018"]},
    {"type":"bitmap","file":"minecraft:font/chat/private_chat.png","ascent":7,"height":8,"chars":["\uE019"]},

    {"type":"bitmap","file":"minecraft:font/aresmine/clock.png","ascent":7,"height":8,"chars":["\uE01A"]},
    {"type":"bitmap","file":"minecraft:font/aresmine/upgrade.png","ascent":7,"height":8,"chars":["\uE01B"]},
    {"type":"bitmap","file":"minecraft:font/aresmine/task.png","ascent":7,"height":8,"chars":["\uE01C"]},
    {"type":"bitmap","file":"minecraft:font/aresmine/point_y.png","ascent":7,"height":8,"chars":["\uE01D"]},
    {"type":"bitmap","file":"minecraft:font/aresmine/pvp_on.png","ascent":7,"height":8,"chars":["\uE01E"]},
    {"type":"bitmap","file":"minecraft:font/aresmine/mob.png","ascent":7,"height":8,"chars":["\uE01F"]},

    {"type":"bitmap","file":"minecraft:font/ui/kits1.png","ascent":19,"height":256,"chars":["\uE020"]},
    {"type":"bitmap","file":"minecraft:font/ui/kit.png","ascent":19,"height":256,"chars":["\uE021"]},
    {"type":"bitmap","file":"minecraft:font/ui/pixel_split.png","ascent":-32768,"height":-10,"chars":["\uE022"]},

    {"type":"bitmap","file":"minecraft:font/region/no_region.png","ascent":8,"height":15,"chars":["\uE023"]}
  ]
}